{"cameraMode":{"drawMode":0,"name":"Shaded","section":"Shading Mode"},"sceneLighting":true,"audioPlay":false,"sceneViewState":{"showFog":true,"showMaterialUpdate":true,"showSkybox":true,"showFlares":true,"showImageEffects":true,"showParticleSystems":true},"in2DMode":false,"pivot":{"x":-0.09421487897634506,"y":0.09676551818847656,"z":1.1517601013183594},"rotation":{"x":-0.004164139740169048,"y":0.8157074451446533,"z":-0.5784208178520203,"w":-0.005872235167771578},"size":9.506962776184082,"orthographic":false}